{"cameraMode":{"drawMode":0,"name":"Shaded","section":"Shading Mode"},"sceneLighting":true,"audioPlay":false,"sceneViewState":{"m_AlwaysRefresh":false,"showFog":true,"showSkybox":true,"showFlares":true,"showImageEffects":true,"showParticleSystems":true,"showVisualEffectGraphs":true,"m_FxEnabled":true},"in2DMode":false,"pivot":{"x":-18.995336532592775,"y":18.772171020507814,"z":-11.418351173400879},"rotation":{"x":0.050060566514730456,"y":0.11955994367599487,"z":-0.005777846090495586,"w":0.991780161857605},"size":1.2247449159622193,"orthographic":false}