{"cameraMode":{"drawMode":0,"name":"Shaded","section":"Shading Mode"},"sceneLighting":true,"audioPlay":false,"sceneViewState":{"m_AlwaysRefresh":false,"showFog":true,"showSkybox":true,"showFlares":true,"showImageEffects":true,"showParticleSystems":true,"showVisualEffectGraphs":true,"m_FxEnabled":true},"in2DMode":false,"pivot":{"x":-0.09861529618501663,"y":2.1897621154785158,"z":-2.479609727859497},"rotation":{"x":-0.06835617125034332,"y":-0.019186945632100107,"z":0.0007573111797682941,"w":-0.9976280331611633},"size":1.2247449159622193,"orthographic":false}