{"cameraMode":{"drawMode":0,"name":"Shaded","section":"Shading Mode"},"sceneLighting":true,"audioPlay":false,"sceneViewState":{"m_AlwaysRefresh":false,"showFog":true,"showSkybox":true,"showFlares":true,"showImageEffects":true,"showParticleSystems":true,"showVisualEffectGraphs":true,"m_FxEnabled":true},"in2DMode":false,"pivot":{"x":0.604446291923523,"y":-3.168276786804199,"z":15.88977336883545},"rotation":{"x":0.15411821007728578,"y":-0.009978028945624829,"z":0.00178565236274153,"w":0.9882818460464478},"size":9.919246673583985,"orthographic":false}