{"cameraMode":{"drawMode":0,"name":"Shaded","section":"Shading Mode"},"sceneLighting":true,"audioPlay":false,"sceneViewState":{"m_AlwaysRefresh":false,"showFog":true,"showSkybox":true,"showFlares":true,"showImageEffects":true,"showParticleSystems":true,"showVisualEffectGraphs":true,"m_FxEnabled":true},"in2DMode":false,"pivot":{"x":15.176956176757813,"y":2.896639108657837,"z":202.2430419921875},"rotation":{"x":-0.041316159069538119,"y":0.9103578329086304,"z":-0.09439398348331452,"w":-0.40130287408828738},"size":1.2247449159622193,"orthographic":false}