{"cameraMode":{"drawMode":0,"name":"Shaded","section":"Shading Mode"},"sceneLighting":true,"audioPlay":false,"sceneViewState":{"m_AlwaysRefresh":false,"showFog":true,"showSkybox":true,"showFlares":true,"showImageEffects":true,"showParticleSystems":true,"showVisualEffectGraphs":true,"m_FxEnabled":true},"in2DMode":false,"pivot":{"x":-0.37199243903160097,"y":2.5755128860473635,"z":-3.772636651992798},"rotation":{"x":0.09140199422836304,"y":-0.0057915509678423409,"z":0.0007990481681190431,"w":0.9961315393447876},"size":1.2247449159622193,"orthographic":false}