{"cameraMode":{"drawMode":0,"name":"Shaded","section":"Shading Mode"},"sceneLighting":false,"audioPlay":false,"sceneViewState":{"m_AlwaysRefresh":false,"showFog":true,"showSkybox":false,"showFlares":true,"showImageEffects":true,"showParticleSystems":true,"showVisualEffectGraphs":true,"m_FxEnabled":true},"in2DMode":false,"pivot":{"x":3.63995099067688,"y":1.8842735290527344,"z":-3.599026679992676},"rotation":{"x":-0.01887700706720352,"y":0.040954966098070148,"z":0.0010148974834010006,"w":0.9993104934692383},"size":0.8660253882408142,"orthographic":false}